{
  "name": "music-assist",
  "title": "MusicAssist",
  "description": "<p></p>",
  "author": "temportalflux",
  "version": "0.0.1",
  "minimumCoreVersion": "0.5.3",
  "scripts": [
    "scripts/hooks.js",
    "scripts/main.js"
  ],
  "url": "https://github.com/temportalflux/MusicAssist",
  "manifest": "https://raw.githubusercontent.com/temportalflux/MusicAssist/master/module.json",
  "download": "https://github.com/temportalflux/MusicAssist/blob/master/packages/music-assist_0.0.1b1.zip?raw=true",
  "socket": true,
  "packageItems": [
    "scripts",
    "module.json",
    "README.md"
  ]
}